<grails>
  <resources>
    <resource>JQueryPluginResources</resource>
    <resource>BootstrapResources</resource>
    <resource>DefaultWebXmlConfig</resource>
    <resource>grails.plugin.cache.CacheTagLib</resource>
    <resource>org.grails.plugin.resource.CSSRewriterResourceMapper</resource>
    <resource>org.grails.plugin.resource.CSSPreprocessorResourceMapper</resource>
    <resource>JQueryConfig</resource>
    <resource>JQueryService</resource>
    <resource>DefaultCacheConfig</resource>
    <resource>org.grails.plugin.resource.BundleResourceMapper</resource>
    <resource>grails.plugin.cache.GrailsCacheAdminService</resource>
    <resource>JQueryResourceTagLib</resource>
    <resource>JQueryTagLib</resource>
    <resource>org.grails.plugin.resource.BaseUrlResourceMapper</resource>
    <resource>ResourcesBootStrap</resource>
    <resource>org.groovydev.TwitterBootstrapTagLib</resource>
    <resource>org.grails.plugin.resource.ResourceTagLib</resource>
    <resource>info.pascalkrause.costanalyzr.Article</resource>
    <resource>info.pascalkrause.costanalyzr.Category</resource>
    <resource>info.pascalkrause.costanalyzr.Store</resource>
    <resource>info.pascalkrause.costanalyzr.Concern</resource>
    <resource>info.pascalkrause.costanalyzr.Invoice</resource>
    <resource>info.pascalkrause.costanalyzr.InvoiceItem</resource>
    <resource>info.pascalkrause.costanalyzr.TypeaheadCategorySelectTagLib</resource>
    <resource>info.pascalkrause.costanalyzr.JQueryUIDatePickerTagLib</resource>
    <resource>info.pascalkrause.costanalyzr.StackedAreaChartTagLib</resource>
    <resource>info.pascalkrause.costanalyzr.CollapsePanelTagLib</resource>
    <resource>info.pascalkrause.costanalyzr.JsTreeCategoriesTagLib</resource>
    <resource>info.pascalkrause.costanalyzr.TypeaheadStoreSelectTagLib</resource>
    <resource>info.pascalkrause.costanalyzr.JQueryTableSorterTagLib</resource>
    <resource>info.pascalkrause.costanalyzr.PieChartTagLib</resource>
    <resource>info.pascalkrause.costanalyzr.TypeaheadArticleSelectTagLib</resource>
    <resource>info.pascalkrause.costanalyzr.DiagrammURLPanelTagLib</resource>
    <resource>info.pascalkrause.costanalyzr.InvoiceService</resource>
    <resource>info.pascalkrause.costanalyzr.ArticleService</resource>
    <resource>info.pascalkrause.costanalyzr.CostsAnalyzerService</resource>
    <resource>info.pascalkrause.costanalyzr.StoreService</resource>
    <resource>info.pascalkrause.costanalyzr.InvoiceItemService</resource>
    <resource>UrlMappings</resource>
    <resource>DataSource</resource>
    <resource>ApplicationResources</resource>
    <resource>Config</resource>
    <resource>resources</resource>
    <resource>BootStrap</resource>
    <resource>BuildConfig</resource>
    <resource>info.pascalkrause.costanalyzr.ArticleController</resource>
    <resource>info.pascalkrause.costanalyzr.CategoryController</resource>
    <resource>info.pascalkrause.costanalyzr.InvoiceItemController</resource>
    <resource>info.pascalkrause.costanalyzr.InvoiceController</resource>
    <resource>info.pascalkrause.costanalyzr.AnalyzeController</resource>
    <resource>info.pascalkrause.costanalyzr.ConcernController</resource>
    <resource>info.pascalkrause.costanalyzr.StoreController</resource>
    <resource>info.pascalkrause.costanalyzr.EnterInvoiceController</resource>
  </resources>
  <plugins>
    <plugin>CacheGrailsPlugin</plugin>
    <plugin>WebxmlGrailsPlugin</plugin>
    <plugin>ResourcesGrailsPlugin</plugin>
    <plugin>HibernateGrailsPlugin</plugin>
    <plugin>TwitterBootstrapGrailsPlugin</plugin>
    <plugin>WebflowGrailsPlugin</plugin>
    <plugin>JqueryGrailsPlugin</plugin>
  </plugins>
</grails>